hours,attendance,prior_gpa,dept,passed
,55,3.28,CSE,yes
,88,2.37,EEE,yes
9.3,81,3.52,Math,yes
2.7,83,3.52,EEE,no
3.6,78,3.44,CSE,no
10.5,98,2.89,Math,yes
0.1,60,2.76,EEE,no
9.9,64,2.84,Math,yes
9.6,52,2.07,EEE,no
5.6,43,3.69,EEE,yes
3.6,53,3.08,EEE,no
3.3,95,2.78,EEE,no
3.1,90,3.1,CSE,no
5.3,47,3.44,EEE,yes
6.1,76,2.76,CSE,no
6.6,69,3.66,EEE,yes
11.9,76,3.84,CSE,yes
9.5,80,2.77,Math,yes
7.5,58,2.28,Math,no
11.9,98,3.52,EEE,yes
2.6,68,3.99,EEE,no
1.9,78,2.3,EEE,no
7.4,78,3.43,CSE,yes
0.5,51,3.65,Math,no
0.4,44,3.84,Math,no
6.2,65,2.25,EEE,no
5.6,86,2.18,CSE,no
11.0,89,3.98,EEE,yes
7.6,84,2.23,CSE,no
6.2,47,2.35,Math,no
6.0,95,3.15,Math,yes
3.0,88,2.89,EEE,no
0.1,93,3.5,EEE,no
2.3,71,2.38,Math,no
8.3,95,3.83,CSE,yes
2.4,43,2.43,Math,no
4.4,42,3.54,Math,yes
0.0,41,2.14,EEE,no
10.0,55,,Math,yes
1.9,55,2.07,Math,no
3.2,51,2.63,Math,no
10.6,74,2.62,CSE,yes
6.1,42,,Math,yes
10.2,75,2.91,EEE,yes
7.7,50,2.11,Math,no
8.9,81,3.99,Math,yes
1.1,41,3.78,CSE,no
6.5,59,3.83,EEE,yes
6.1,96,2.49,EEE,no
10.5,72,2.79,EEE,yes
4.3,89,2.45,Math,no
7.2,79,2.25,EEE,no
0.7,77,2.07,Math,no
4.7,51,3.01,Math,yes
3.9,74,2.25,CSE,no
1.8,42,2.35,EEE,no
9.8,88,3.72,EEE,yes
4.6,98,2.97,EEE,yes
11.7,91,2.37,CSE,yes
7.1,43,3.34,CSE,no
7.3,60,2.53,EEE,no
7.7,59,3.05,CSE,no
8.1,47,2.57,EEE,no
1.8,78,,CSE,no
,88,3.26,CSE,yes
2.9,59,3.07,EEE,no
4.8,92,2.79,EEE,no
1.2,88,3.58,Math,yes
11.6,48,3.75,EEE,yes
2.6,86,,EEE,no
8.1,93,2.27,CSE,no
3.6,52,2.23,EEE,no
,74,3.96,Math,yes
7.9,78,3.88,EEE,yes
1.6,77,2.46,CSE,no
10.1,46,3.94,EEE,yes
11.3,80,2.42,Math,yes
10.8,78,3.01,Math,yes
,89,2.99,CSE,yes
1.7,88,3.83,Math,yes
2.3,60,2.08,Math,no
11.1,83,2.63,EEE,yes
6.6,92,3.2,EEE,yes
2.2,94,2.13,CSE,no
10.6,50,2.47,CSE,yes
7.7,42,2.93,Math,no
6.8,79,3.76,CSE,yes
4.5,53,3.52,EEE,yes
4.9,74,3.66,Math,yes
2.9,97,3.52,Math,yes
0.5,63,3.42,CSE,no
10.5,55,3.7,CSE,yes
5.6,67,3.36,CSE,no
6.6,79,3.47,Math,yes
3.9,46,2.6,CSE,no
9.0,63,2.34,CSE,no
0.3,48,3.51,EEE,no
4.5,80,2.33,EEE,no
0.4,90,3.84,CSE,no
1.5,63,3.19,CSE,no
11.6,62,2.66,Math,yes
7.9,72,3.87,EEE,yes
5.1,53,2.31,CSE,no
6.3,55,3.03,Math,yes
10.5,60,2.18,EEE,yes
4.1,67,3.93,Math,yes
7.1,45,3.15,CSE,yes
8.2,85,3.61,EEE,yes
4.3,75,2.56,Math,no
6.2,58,3.6,Math,yes
9.2,45,3.41,Math,yes
10.9,86,3.29,EEE,yes
1.8,48,3.9,Math,yes
11.2,48,2.87,EEE,yes
0.1,48,2.83,EEE,no
9.0,45,3.38,EEE,yes
9.7,94,3.67,CSE,yes
1.6,56,2.67,CSE,no
5.0,58,3.34,EEE,yes
9.8,90,,CSE,yes
0.2,77,3.1,EEE,no
7.5,51,3.54,Math,yes
9.5,66,2.13,Math,no
6.2,93,3.46,Math,yes
,63,2.03,EEE,yes
2.7,83,3.92,CSE,no
,46,2.94,CSE,no
4.4,84,2.82,Math,no
2.2,87,3.44,EEE,no
4.2,90,3.05,Math,no
11.4,80,3.46,EEE,yes
6.9,62,2.17,EEE,no
4.1,44,3.13,CSE,no
3.3,71,3.12,CSE,no
11.4,85,3.86,CSE,yes
5.3,51,2.08,Math,no
11.8,56,2.91,EEE,yes
,72,3.26,CSE,no
6.3,85,3.1,EEE,no
10.8,94,2.15,EEE,yes
8.9,48,3.19,EEE,yes
7.0,51,2.44,EEE,no
5.1,88,2.39,CSE,no
10.5,79,3.76,EEE,yes
4.9,83,2.4,Math,no
11.1,100,2.91,CSE,yes
0.8,96,,CSE,no
5.2,91,3.41,EEE,yes
6.2,87,3.11,CSE,yes
11.4,64,3.61,EEE,yes
